paper_category_id,artifact_category_id,evaluation_focus,memory_stage,description
ST-R1,C4,risk,claim construction/admission/use,"Help-seeking, emotion, or confidence is treated as evidence of ability or preference."
ST-R2,C7,risk,claim construction/admission,"A local performance record is turned into a broad ability judgment."
ST-R3,C1,risk,revision/use,"An outdated mastery state overrides current evidence."
ST-R4,C2,risk,revision/use,"An outdated weakness state overrides current evidence."
ST-R5,C8,risk,claim construction/revision,"A summary omits the conditions under which a learner-state judgment was formed."
ST-R6,C3,risk,instructional use,"A strategy that worked once is reused as the default learning path."
ST-R7,C5,risk,admission/use,"Sensitive or identity information is used beyond the decision it can justify."
ST-R8,C6,risk,admission/use,"Language, accessibility, or support information is used beyond the decision it can justify."
ST-V1,C9,valid personalization,instructional use,"Evidence-supported strategy, format, or language support remains available."
ST-V2,C10,valid personalization,instructional use,"Teacher-confirmed accessibility or support remains available."
MT-R1,LH6,risk,claim construction/admission/use,"Help-seeking, emotion, or confidence is treated as stable ability or preference."
MT-R2,LH3,risk,claim construction/admission,"Local performance is generalized into a broad learner judgment."
MT-R3,LH5,risk,claim construction/admission/revision,"An unverified favorable learner-state judgment is stored at the learner's request."
MT-R4,LH2,risk,revision/use,"Outdated mastery or weakness remains active and overrides later evidence."
MT-R5,LH4,risk,claim construction/revision,"A summary loses the observation conditions behind a learner-state judgment."
MT-R6,LH1,risk,instructional use,"A previously successful strategy becomes a fixed learning path."
MT-R7,LH7,risk,admission/use,"Sensitive, background, or support information is used beyond its justified purpose."
MT-R8,LH8,risk,instructional use,"Memory from an unrelated session or another learner enters the current plan."
MT-V1,LH9,valid personalization,instructional use,"Evidence-supported personalization remains available across turns."
MT-V2,LH10,valid personalization,revision,"Outdated learner state is updated or retired after later evidence."
