test_component,design,risk_cases,total_risk_cases,risk_rate_percent
single_turn_coverage,DMU,38,144,26.4
single_turn_coverage,PCMU,34,144,23.6
single_turn_coverage,ELMU,28,144,19.4
single_turn_coverage,MPP,67,144,46.5
single_turn_coverage,CLEAR-Mem,0,144,0.0
single_turn_stress,DMU,19,48,39.6
single_turn_stress,PCMU,17,48,35.4
single_turn_stress,ELMU,20,48,41.7
single_turn_stress,MPP,30,48,62.5
single_turn_stress,CLEAR-Mem,0,48,0.0
multi_turn_coverage_16,DMU,32,96,33.3
multi_turn_coverage_16,PCMU,14,96,14.6
multi_turn_coverage_16,ELMU,26,96,27.1
multi_turn_coverage_16,MPP,40,96,41.7
multi_turn_coverage_16,CLEAR-Mem,0,96,0.0
multi_turn_stress_16,DMU,11,32,34.4
multi_turn_stress_16,PCMU,8,32,25.0
multi_turn_stress_16,ELMU,16,32,50.0
multi_turn_stress_16,MPP,14,32,43.8
multi_turn_stress_16,CLEAR-Mem,0,32,0.0
multi_turn_core_stress_24,DMU,21,30,70.0
multi_turn_core_stress_24,PCMU,19,30,63.3
multi_turn_core_stress_24,ELMU,22,30,73.3
multi_turn_core_stress_24,MPP,22,30,73.3
multi_turn_core_stress_24,CLEAR-Mem,0,30,0.0
